DTM,PRC
20250513 090013,11785
20250513 090013,11790
20250513 090014,11785
20250513 090015,11790
20250513 090018,11795
20250513 090020,11780
20250513 090022,11775
20250513 090023,11780
20250513 090026,11775
20250513 090030,11780
20250513 090036,11790
20250513 090038,11785
20250513 090043,11790
20250513 090044,11785
20250513 090045,11790
20250513 090049,11785
20250513 090051,11790
20250513 090054,11785
20250513 090057,11790
20250513 090058,11780
20250513 090059,11790
20250513 090101,11785
20250513 090103,11790
20250513 090105,11785
20250513 090106,11780
20250513 090107,11785
20250513 090109,11790
20250513 090111,11785
20250513 090112,11790
20250513 090114,11785
20250513 090117,11790
20250513 090120,11785
20250513 090122,11780
20250513 090124,11785
20250513 090126,11780
20250513 090127,11785
20250513 090132,11780
20250513 090134,11785
20250513 090139,11790
20250513 090140,11785
20250513 090142,11790
20250513 090152,11785
20250513 090154,11790
20250513 090156,11795
20250513 090157,11790
20250513 090201,11795
20250513 090203,11800
20250513 090207,11805
20250513 090208,11810
20250513 090210,11805
20250513 090213,11800
20250513 090214,11805
20250513 090217,11800
20250513 090218,11805
20250513 090223,11800
20250513 090224,11805
20250513 090225,11800
20250513 090227,11805
20250513 090233,11800
20250513 090242,11805
20250513 090244,11800
20250513 090249,11795
20250513 090255,11790
20250513 090257,11795
20250513 090302,11800
20250513 090308,11805
20250513 090312,11800
20250513 090325,11795
20250513 090327,11800
20250513 090329,11795
20250513 090333,11790
20250513 090337,11795
20250513 090339,11790
20250513 090340,11795
20250513 090343,11790
20250513 090347,11795
20250513 090349,11800
20250513 090352,11790
20250513 090356,11795
20250513 090358,11800
20250513 090400,11795
20250513 090402,11800
20250513 090404,11795
20250513 090405,11800
20250513 090411,11805
20250513 090412,11800
20250513 090413,11805
20250513 090415,11802
20250513 090418,11805
20250513 090426,11810
20250513 090427,11805
20250513 090428,11820
20250513 090430,11815
20250513 090434,11820
20250513 090437,11815
20250513 090439,11820
20250513 090447,11825
20250513 090448,11830
20250513 090450,11835
20250513 090453,11840
20250513 090454,11845
20250513 090456,11840
20250513 090457,11845
20250513 090459,11842
20250513 090500,11850
20250513 090501,11855
20250513 090504,11860
20250513 090506,11865
20250513 090508,11870
20250513 090510,11865
20250513 090512,11860
20250513 090513,11855
20250513 090515,11860
20250513 090517,11855
20250513 090519,11860
20250513 090523,11865
20250513 090527,11870
20250513 090532,11872
20250513 090534,11870
20250513 090538,11865
20250513 090546,11870
20250513 090547,11865
20250513 090600,11870
20250513 090608,11875
20250513 090609,11870
20250513 090612,11880
20250513 090613,11875
20250513 090618,11880
20250513 090619,11875
20250513 090621,11880
20250513 090624,11875
20250513 090625,11880
20250513 090627,11875
20250513 090629,11880
20250513 090635,11885
20250513 090639,11890
20250513 090640,11885
20250513 090651,11890
20250513 090653,11885
20250513 090656,11890
20250513 090659,11895
20250513 090701,11890
20250513 090706,11895
20250513 090708,11890
20250513 090722,11895
20250513 090723,11890
20250513 090734,11895
20250513 090737,11890
20250513 090739,11895
20250513 090743,11890
20250513 090747,11885
20250513 090749,11890
20250513 090750,11885
20250513 090753,11890
20250513 090754,11885
20250513 090800,11880
20250513 090810,11885
20250513 090811,11875
20250513 090813,11870
20250513 090815,11880
20250513 090816,11875
20250513 090819,11880
20250513 090820,11875
20250513 090822,11870
20250513 090830,11860
20250513 090836,11865
20250513 090838,11860
20250513 090843,11855
20250513 090846,11850
20250513 090857,11855
20250513 090903,11860
20250513 090905,11865
20250513 090911,11870
20250513 090916,11865
20250513 090918,11870
20250513 090919,11860
20250513 090920,11865
20250513 090923,11860
20250513 090926,11855
20250513 090928,11850
20250513 090930,11860
20250513 090935,11855
20250513 090937,11860
20250513 090947,11865
20250513 090948,11860
20250513 090949,11850
20250513 090951,11855
20250513 090954,11850
20250513 090955,11845
20250513 090957,11855
20250513 091007,11850
20250513 091010,11845
20250513 091012,11850
20250513 091014,11845
20250513 091020,11850
20250513 091031,11855
20250513 091033,11860
20250513 091039,11865
20250513 091045,11855
20250513 091047,11860
20250513 091048,11865
20250513 091051,11860
20250513 091055,11865
20250513 091058,11860
20250513 091102,11855
20250513 091111,11850
20250513 091114,11855
20250513 091115,11850
20250513 091117,11845
20250513 091118,11850
20250513 091123,11845
20250513 091128,11840
20250513 091131,11835
20250513 091132,11840
20250513 091135,11835
20250513 091139,11840
20250513 091140,11835
20250513 091148,11830
20250513 091152,11835
20250513 091153,11830
20250513 091154,11835
20250513 091200,11830
20250513 091201,11840
20250513 091202,11835
20250513 091208,11840
20250513 091212,11830
20250513 091214,11835
20250513 091218,11830
20250513 091223,11835
20250513 091224,11830
20250513 091229,11825
20250513 091234,11820
20250513 091239,11815
20250513 091246,11820
20250513 091254,11825
20250513 091257,11830
20250513 091258,11825
20250513 091300,11835
20250513 091301,11830
20250513 091308,11835
20250513 091309,11830
20250513 091311,11835
20250513 091312,11840
20250513 091317,11835
20250513 091326,11840
20250513 091334,11845
20250513 091342,11840
20250513 091344,11845
20250513 091347,11850
20250513 091351,11855
20250513 091401,11860
20250513 091405,11855
20250513 091408,11850
20250513 091416,11845
20250513 091425,11850
20250513 091428,11845
20250513 091430,11850
20250513 091454,11855
20250513 091456,11850
20250513 091505,11855
20250513 091513,11850
20250513 091516,11855
20250513 091518,11850
20250513 091520,11855
20250513 091522,11860
20250513 091527,11865
20250513 091535,11870
20250513 091536,11865
20250513 091538,11870
20250513 091540,11865
20250513 091542,11870
20250513 091545,11865
20250513 091547,11860
20250513 091556,11865
20250513 091557,11860
20250513 091559,11855
20250513 091605,11860
20250513 091606,11850
20250513 091608,11855
20250513 091616,11865
20250513 091618,11860
20250513 091629,11865
20250513 091630,11860
20250513 091638,11865
20250513 091640,11860
20250513 091646,11865
20250513 091648,11860
20250513 091650,11855
20250513 091654,11860
20250513 091657,11855
20250513 091659,11860
20250513 091701,11855
20250513 091716,11860
20250513 091718,11855
20250513 091720,11850
20250513 091729,11845
20250513 091730,11850
20250513 091731,11845
20250513 091733,11850
20250513 091735,11845
20250513 091737,11840
20250513 091742,11835
20250513 091752,11830
20250513 091754,11835
20250513 091759,11830
20250513 091802,11825
20250513 091804,11830
20250513 091806,11825
20250513 091808,11820
20250513 091812,11825
20250513 091821,11820
20250513 091823,11825
20250513 091825,11820
20250513 091827,11815
20250513 091829,11820
20250513 091844,11815
20250513 091845,11820
20250513 091848,11825
20250513 091849,11820
20250513 091902,11825
20250513 091903,11830
20250513 091904,11825
20250513 091913,11830
20250513 091915,11835
20250513 091918,11840
20250513 091919,11845
20250513 091924,11840
20250513 091925,11845
20250513 091931,11850
20250513 091940,11855
20250513 091942,11850
20250513 091945,11855
20250513 091946,11850
20250513 091948,11855
20250513 091950,11850
20250513 091951,11855
20250513 091952,11860
20250513 091954,11850
20250513 091956,11855
20250513 091959,11860
20250513 092008,11865
20250513 092018,11860
20250513 092026,11865
20250513 092031,11860
20250513 092040,11855
20250513 092041,11860
20250513 092045,11865
20250513 092046,11860
20250513 092050,11865
20250513 092057,11860
20250513 092107,11865
20250513 092113,11860
20250513 092115,11865
20250513 092122,11870
20250513 092136,11865
20250513 092141,11860
20250513 092148,11865
20250513 092156,11860
20250513 092159,11865
20250513 092200,11860
20250513 092202,11865
20250513 092208,11860
20250513 092210,11865
20250513 092211,11860
20250513 092213,11865
20250513 092217,11870
20250513 092221,11865
20250513 092233,11870
20250513 092235,11865
20250513 092239,11870
20250513 092240,11865
20250513 092243,11870
20250513 092256,11875
20250513 092301,11870
20250513 092308,11875
20250513 092309,11870
20250513 092312,11875
20250513 092314,11870
20250513 092321,11865
20250513 092324,11870
20250513 092325,11865
20250513 092327,11870
20250513 092333,11865
20250513 092342,11860
20250513 092343,11865
20250513 092345,11860
20250513 092350,11865
20250513 092351,11860
20250513 092406,11855
20250513 092413,11850
20250513 092416,11855
20250513 092417,11860
20250513 092421,11855
20250513 092427,11850
20250513 092433,11845
20250513 092442,11840
20250513 092444,11845
20250513 092451,11840
20250513 092454,11835
20250513 092455,11840
20250513 092456,11845
20250513 092507,11850
20250513 092509,11845
20250513 092512,11840
20250513 092513,11845
20250513 092515,11840
20250513 092522,11845
20250513 092524,11850
20250513 092529,11855
20250513 092535,11860
20250513 092537,11855
20250513 092541,11860
20250513 092604,11855
20250513 092606,11860
20250513 092625,11865
20250513 092627,11860
20250513 092630,11865
20250513 092635,11870
20250513 092636,11865
20250513 092643,11860
20250513 092649,11865
20250513 092652,11860
20250513 092700,11865
20250513 092704,11860
20250513 092708,11865
20250513 092710,11860
20250513 092712,11865
20250513 092713,11860
20250513 092748,11855
20250513 092753,11860
20250513 092802,11865
20250513 092803,11860
20250513 092818,11855
20250513 092826,11860
20250513 092836,11855
20250513 092838,11860
20250513 092840,11855
20250513 092841,11860
20250513 092849,11865
20250513 092851,11860
20250513 092852,11855
20250513 092901,11860
20250513 092908,11865
20250513 092909,11860
20250513 092911,11855
20250513 092916,11860
20250513 092917,11865
20250513 092918,11860
20250513 092922,11865
20250513 092927,11860
20250513 092928,11865
20250513 092933,11860
20250513 092934,11855
20250513 092947,11850
20250513 092949,11855
20250513 092958,11860
20250513 093001,11850
20250513 093003,11855
20250513 093005,11860
20250513 093006,11855
20250513 093008,11860
20250513 093010,11855
20250513 093011,11860
20250513 093017,11855
20250513 093018,11860
20250513 093020,11855
20250513 093023,11860
20250513 093027,11865
20250513 093036,11860
20250513 093043,11865
20250513 093050,11860
20250513 093114,11855
20250513 093123,11850
20250513 093125,11855
20250513 093126,11850
20250513 093129,11845
20250513 093145,11840
20250513 093149,11845
20250513 093151,11835
20250513 093154,11840
20250513 093156,11845
20250513 093201,11840
20250513 093202,11845
20250513 093205,11840
20250513 093211,11845
20250513 093217,11840
20250513 093219,11845
20250513 093226,11840
20250513 093229,11835
20250513 093231,11830
20250513 093234,11835
20250513 093237,11830
20250513 093240,11840
20250513 093245,11835
20250513 093250,11830
20250513 093251,11835
20250513 093257,11840
20250513 093301,11835
20250513 093302,11840
20250513 093306,11845
20250513 093312,11850
20250513 093323,11845
20250513 093336,11840
20250513 093351,11835
20250513 093404,11845
20250513 093416,11850
20250513 093421,11845
20250513 093424,11850
20250513 093425,11845
20250513 093428,11850
20250513 093432,11845
20250513 093446,11840
20250513 093454,11845
20250513 093457,11840
20250513 093458,11835
20250513 093505,11845
20250513 093507,11840
20250513 093512,11845
20250513 093516,11840
20250513 093524,11835
20250513 093529,11840
20250513 093532,11835
20250513 093538,11840
20250513 093540,11835
20250513 093542,11840
20250513 093549,11845
20250513 093556,11835
20250513 093557,11845
20250513 093613,11840
20250513 093621,11835
20250513 093629,11832
20250513 093635,11830
20250513 093644,11825
20250513 093645,11830
20250513 093657,11825
20250513 093702,11830
20250513 093703,11825
20250513 093705,11820
20250513 093707,11830
20250513 093709,11825
20250513 093721,11830
20250513 093727,11835
20250513 093736,11830
20250513 093737,11835
20250513 093751,11830
20250513 093755,11835
20250513 093756,11830
20250513 093758,11835
20250513 093804,11840
20250513 093810,11835
20250513 093811,11840
20250513 093813,11845
20250513 093846,11840
20250513 093848,11845
20250513 093855,11840
20250513 093901,11835
20250513 093904,11840
20250513 093908,11835
20250513 093917,11830
20250513 093923,11835
20250513 093940,11830
20250513 093941,11835
20250513 093946,11830
20250513 093948,11825
20250513 093949,11830
20250513 093957,11835
20250513 093959,11840
20250513 094000,11835
20250513 094004,11840
20250513 094009,11835
20250513 094018,11830
20250513 094022,11825
20250513 094023,11830
20250513 094024,11820
20250513 094047,11825
20250513 094049,11830
20250513 094050,11825
20250513 094055,11830
20250513 094057,11825
20250513 094100,11830
20250513 094102,11825
20250513 094104,11830
20250513 094108,11835
20250513 094117,11830
20250513 094121,11835
20250513 094123,11830
20250513 094137,11832
20250513 094138,11830
20250513 094142,11832
20250513 094150,11830
20250513 094158,11825
20250513 094206,11820
20250513 094207,11825
20250513 094218,11827
20250513 094222,11825
20250513 094226,11827
20250513 094228,11825
20250513 094239,11830
20250513 094257,11835
20250513 094258,11830
20250513 094301,11835
20250513 094303,11830
20250513 094307,11835
20250513 094315,11830
20250513 094322,11835
20250513 094324,11840
20250513 094328,11837
20250513 094332,11840
20250513 094334,11835
20250513 094341,11830
20250513 094342,11835
20250513 094354,11840
20250513 094403,11845
20250513 094405,11840
20250513 094407,11845
20250513 094408,11850
20250513 094411,11845
20250513 094422,11850
20250513 094424,11845
20250513 094425,11850
20250513 094434,11855
20250513 094436,11850
20250513 094442,11855
20250513 094443,11860
20250513 094449,11855
20250513 094451,11860
20250513 094452,11865
20250513 094455,11860
20250513 094459,11855
20250513 094500,11860
20250513 094502,11865
20250513 094503,11870
20250513 094506,11865
20250513 094508,11860
20250513 094509,11865
20250513 094515,11870
20250513 094520,11860
20250513 094521,11865
20250513 094525,11860
20250513 094526,11865
20250513 094535,11870
20250513 094543,11865
20250513 094544,11867
20250513 094548,11870
20250513 094549,11875
20250513 094552,11880
20250513 094556,11875
20250513 094558,11870
20250513 094612,11875
20250513 094615,11870
20250513 094621,11875
20250513 094623,11870
20250513 094631,11865
20250513 094632,11870
20250513 094635,11865
20250513 094637,11860
20250513 094642,11855
20250513 094651,11860
20250513 094655,11850
20250513 094657,11845
20250513 094701,11850
20250513 094703,11845
20250513 094705,11850
20250513 094717,11845
20250513 094718,11840
20250513 094720,11850
20250513 094724,11840
20250513 094725,11850
20250513 094738,11845
20250513 094739,11850
20250513 094742,11845
20250513 094749,11850
20250513 094751,11845
20250513 094811,11850
20250513 094833,11855
20250513 094846,11850
20250513 094850,11845
20250513 094902,11850
20250513 094910,11845
20250513 094918,11850
20250513 094922,11840
20250513 094926,11845
20250513 094934,11850
20250513 094936,11840
20250513 094946,11845
20250513 094949,11840
20250513 095002,11845
20250513 095009,11840
20250513 095011,11845
20250513 095020,11840
20250513 095038,11845
20250513 095045,11840
20250513 095049,11845
20250513 095051,11840
20250513 095105,11835
20250513 095110,11830
20250513 095112,11835
20250513 095119,11830
20250513 095127,11835
20250513 095130,11830
20250513 095131,11835
20250513 095135,11830
20250513 095141,11825
20250513 095143,11830
20250513 095148,11825
20250513 095157,11820
20250513 095214,11825
20250513 095215,11830
20250513 095217,11825
20250513 095220,11830
20250513 095227,11825
20250513 095241,11830
20250513 095246,11825
20250513 095258,11820
20250513 095300,11830
20250513 095303,11825
20250513 095309,11830
20250513 095312,11825
20250513 095338,11830
20250513 095343,11835
20250513 095344,11830
20250513 095356,11835
20250513 095357,11830
20250513 095359,11835
20250513 095416,11840
20250513 095417,11835
20250513 095421,11840
20250513 095428,11845
20250513 095432,11840
20250513 095440,11845
20250513 095445,11840
20250513 095448,11845
20250513 095501,11840
20250513 095512,11845
20250513 095531,11840
20250513 095556,11845
20250513 095557,11840
20250513 095602,11845
20250513 095625,11850
20250513 095704,11840
20250513 095708,11845
20250513 095709,11850
20250513 095710,11845
20250513 095712,11850
20250513 095732,11845
20250513 095739,11840
20250513 095759,11835
20250513 095810,11840
20250513 095823,11835
20250513 095842,11840
20250513 095847,11835
20250513 095850,11840
20250513 095853,11845
20250513 095905,11840
20250513 095907,11850
20250513 095909,11840
20250513 095911,11845
20250513 095919,11850
20250513 095921,11845
20250513 095925,11850
20250513 095929,11855
20250513 095937,11860
20250513 095943,11855
20250513 095949,11850
20250513 095951,11855
20250513 100000,11850
20250513 100008,11855
20250513 100010,11860
20250513 100011,11855
20250513 100020,11860
20250513 100031,11855
20250513 100033,11860
20250513 100037,11855
20250513 100044,11850
20250513 100048,11845
20250513 100055,11840
20250513 100104,11845
20250513 100106,11850
20250513 100108,11845
20250513 100116,11850
20250513 100133,11845
20250513 100134,11840
20250513 100137,11845
20250513 100153,11840
20250513 100201,11835
20250513 100202,11840
20250513 100215,11845
20250513 100230,11850
20250513 100234,11845
20250513 100238,11850
20250513 100249,11845
20250513 100319,11850
20250513 100349,11845
20250513 100354,11850
20250513 100357,11845
20250513 100400,11850
20250513 100408,11845
20250513 100413,11850
20250513 100423,11845
20250513 100424,11850
20250513 100431,11855
20250513 100438,11850
20250513 100439,11855
20250513 100448,11860
20250513 100450,11855
20250513 100453,11850
20250513 100456,11855
20250513 100501,11850
20250513 100502,11855
20250513 100506,11845
20250513 100509,11855
20250513 100511,11850
20250513 100514,11855
20250513 100523,11860
20250513 100527,11855
20250513 100539,11850
20250513 100540,11855
20250513 100544,11850
20250513 100546,11855
20250513 100603,11850
20250513 100605,11855
20250513 100616,11850
20250513 100617,11855
20250513 100618,11845
20250513 100623,11850
20250513 100636,11845
20250513 100639,11850
20250513 100642,11845
20250513 100644,11840
20250513 100648,11850
20250513 100651,11845
20250513 100704,11840
20250513 100705,11845
20250513 100706,11840
20250513 100729,11845
20250513 100741,11850
20250513 100800,11845
20250513 100805,11840
20250513 100808,11845
20250513 100810,11850
20250513 100811,11845
20250513 100826,11850
20250513 100828,11845
20250513 100829,11855
20250513 100832,11845
20250513 100841,11850
20250513 100846,11855
20250513 100848,11850
20250513 100850,11855
20250513 100900,11850
20250513 100913,11855
20250513 100931,11850
20250513 100933,11855
20250513 100944,11860
20250513 100947,11855
20250513 100950,11860
20250513 100952,11850
20250513 100954,11860
20250513 100958,11855
20250513 101002,11860
20250513 101004,11855
20250513 101007,11860
20250513 101022,11862
20250513 101030,11865
20250513 101038,11870
20250513 101040,11865
20250513 101041,11870
20250513 101042,11865
20250513 101052,11860
20250513 101127,11855
20250513 101129,11860
20250513 101132,11855
20250513 101133,11860
20250513 101143,11865
20250513 101147,11855
20250513 101210,11860
20250513 101222,11865
20250513 101226,11870
20250513 101230,11865
20250513 101232,11870
20250513 101248,11865
20250513 101249,11870
20250513 101258,11865
20250513 101259,11870
20250513 101306,11865
20250513 101310,11860
20250513 101311,11865
20250513 101340,11860
20250513 101343,11865
20250513 101409,11870
20250513 101410,11865
20250513 101412,11870
20250513 101414,11865
20250513 101416,11870
20250513 101418,11865
20250513 101420,11870
20250513 101424,11865
20250513 101425,11870
20250513 101436,11865
20250513 101437,11870
20250513 101440,11865
20250513 101458,11860
20250513 101502,11865
20250513 101503,11860
20250513 101523,11865
20250513 101525,11870
20250513 101528,11865
20250513 101530,11860
20250513 101531,11865
20250513 101543,11870
20250513 101545,11865
20250513 101547,11870
20250513 101552,11875
20250513 101553,11865
20250513 101555,11875
20250513 101558,11870
20250513 101600,11875
20250513 101603,11870
20250513 101608,11875
20250513 101609,11870
20250513 101611,11875
20250513 101613,11870
20250513 101615,11875
20250513 101620,11880
20250513 101621,11875
20250513 101623,11880
20250513 101625,11875
20250513 101627,11880
20250513 101628,11875
20250513 101633,11880
20250513 101636,11885
20250513 101637,11880
20250513 101643,11885
20250513 101645,11880
20250513 101653,11885
20250513 101655,11880
20250513 101658,11885
20250513 101707,11880
20250513 101708,11875
20250513 101711,11880
20250513 101728,11885
20250513 101740,11890
20250513 101743,11885
20250513 101746,11880
20250513 101749,11885
20250513 101757,11890
20250513 101804,11895
20250513 101811,11890
20250513 101819,11895
20250513 101821,11890
20250513 101833,11892
20250513 101834,11890
20250513 101849,11895
20250513 101852,11890
20250513 101855,11895
20250513 101910,11890
20250513 101931,11892
20250513 101933,11895
20250513 101938,11900
20250513 101943,11905
20250513 101945,11900
20250513 101954,11905
20250513 101955,11900
20250513 101959,11905
20250513 102004,11900
20250513 102005,11905
20250513 102017,11900
20250513 102018,11905
20250513 102024,11900
20250513 102025,11905
20250513 102035,11900
20250513 102048,11905
20250513 102049,11900
20250513 102050,11895
20250513 102055,11900
20250513 102102,11905
20250513 102108,11900
20250513 102110,11895
20250513 102111,11900
20250513 102113,11895
20250513 102125,11890
20250513 102128,11895
20250513 102130,11890
20250513 102146,11895
20250513 102148,11890
20250513 102149,11895
20250513 102150,11890
20250513 102153,11895
20250513 102159,11890
20250513 102202,11895
20250513 102205,11890
20250513 102206,11895
20250513 102210,11890
20250513 102212,11895
20250513 102216,11890
20250513 102218,11895
20250513 102219,11890
20250513 102223,11895
20250513 102224,11890
20250513 102230,11895
20250513 102236,11890
20250513 102238,11895
20250513 102242,11890
20250513 102246,11895
20250513 102248,11890
20250513 102249,11895
20250513 102254,11890
20250513 102311,11887
20250513 102313,11885
20250513 102315,11890
20250513 102317,11885
20250513 102337,11890
20250513 102338,11885
20250513 102339,11890
20250513 102343,11895
20250513 102344,11890
20250513 102357,11895
20250513 102359,11900
20250513 102400,11895
20250513 102402,11900
20250513 102403,11895
20250513 102407,11900
20250513 102409,11895
20250513 102437,11900
20250513 102440,11895
20250513 102442,11900
20250513 102450,11895
20250513 102455,11900
20250513 102515,11895
20250513 102519,11890
20250513 102528,11895
20250513 102531,11890
20250513 102534,11895
20250513 102537,11900
20250513 102543,11890
20250513 102547,11895
20250513 102548,11890
20250513 102555,11895
20250513 102608,11900
20250513 102633,11890
20250513 102635,11895
20250513 102646,11900
20250513 102647,11895
20250513 102651,11900
20250513 102654,11895
20250513 102656,11900
20250513 102657,11895
20250513 102659,11900
20250513 102700,11895
20250513 102703,11900
20250513 102706,11895
20250513 102707,11900
20250513 102717,11895
20250513 102734,11890
20250513 102740,11895
20250513 102807,11890
20250513 102809,11895
20250513 102811,11890
20250513 102838,11885
20250513 102841,11887
20250513 102846,11885
20250513 102847,11890
20250513 102852,11885
20250513 102858,11890
20250513 102908,11895
20250513 102910,11890
20250513 102953,11895
20250513 102958,11890
20250513 103008,11895
20250513 103013,11890
20250513 103020,11895
20250513 103025,11890
20250513 103029,11895
20250513 103031,11890
20250513 103038,11895
20250513 103044,11890
20250513 103049,11895
20250513 103055,11890
20250513 103059,11885
20250513 103108,11890
20250513 103128,11895
20250513 103134,11890
20250513 103136,11895
20250513 103140,11890
20250513 103149,11892
20250513 103151,11895
20250513 103155,11890
20250513 103157,11895
20250513 103208,11890
20250513 103209,11895
20250513 103213,11890
20250513 103214,11895
20250513 103222,11890
20250513 103230,11895
20250513 103231,11890
20250513 103232,11900
20250513 103243,11895
20250513 103250,11900
20250513 103311,11905
20250513 103313,11900
20250513 103320,11905
20250513 103322,11900
20250513 103327,11905
20250513 103334,11900
20250513 103335,11905
20250513 103342,11900
20250513 103352,11895
20250513 103402,11900
20250513 103411,11895
20250513 103414,11900
20250513 103426,11895
20250513 103430,11900
20250513 103455,11905
20250513 103457,11900
20250513 103502,11895
20250513 103503,11900
20250513 103504,11895
20250513 103507,11900
20250513 103520,11895
20250513 103534,11890
20250513 103551,11885
20250513 103553,11890
20250513 103555,11885
20250513 103605,11890
20250513 103621,11895
20250513 103625,11890
20250513 103632,11900
20250513 103647,11890
20250513 103657,11895
20250513 103708,11900
20250513 103709,11895
20250513 103712,11900
20250513 103720,11890
20250513 103733,11900
20250513 103737,11890
20250513 103754,11895
20250513 103800,11900
20250513 103805,11895
20250513 103808,11900
20250513 103817,11895
20250513 103824,11900
20250513 103828,11890
20250513 103835,11895
20250513 103848,11890
20250513 103903,11895
20250513 103907,11890
20250513 103908,11895
20250513 103921,11900
20250513 103925,11895
20250513 103929,11900
20250513 103932,11895
20250513 104004,11900
20250513 104011,11895
20250513 104013,11900
20250513 104015,11895
20250513 104017,11900
20250513 104036,11895
20250513 104037,11900
20250513 104039,11895
20250513 104041,11905
20250513 104043,11900
20250513 104047,11905
20250513 104055,11900
20250513 104058,11905
20250513 104100,11900
20250513 104107,11905
20250513 104114,11900
20250513 104116,11905
20250513 104119,11910
20250513 104122,11905
20250513 104123,11910
20250513 104148,11905
20250513 104156,11910
20250513 104158,11905
20250513 104200,11910
20250513 104226,11915
20250513 104227,11910
20250513 104248,11905
20250513 104308,11910
20250513 104326,11905
20250513 104339,11910
20250513 104401,11905
20250513 104410,11910
20250513 104413,11905
20250513 104418,11910
20250513 104426,11905
20250513 104430,11910
20250513 104432,11905
20250513 104439,11910
20250513 104451,11905
20250513 104508,11910
20250513 104511,11905
20250513 104514,11910
20250513 104517,11905
20250513 104534,11910
20250513 104608,11915
20250513 104609,11910
20250513 104627,11915
20250513 104632,11910
20250513 104652,11915
20250513 104715,11920
20250513 104717,11915
20250513 104736,11920
20250513 104739,11915
20250513 104755,11920
20250513 104756,11915
20250513 104805,11920
20250513 104812,11915
20250513 104816,11920
20250513 104817,11915
20250513 104820,11920
20250513 104822,11915
20250513 104828,11920
20250513 104834,11915
20250513 104835,11920
20250513 104841,11915
20250513 104852,11920
20250513 104923,11915
20250513 104928,11920
20250513 104933,11915
20250513 104946,11920
20250513 104952,11915
20250513 104953,11925
20250513 104954,11915
20250513 104956,11925
20250513 104959,11915
20250513 105002,11920
20250513 105004,11915
20250513 105008,11920
20250513 105013,11925
20250513 105018,11920
20250513 105023,11915
20250513 105026,11920
20250513 105033,11925
20250513 105053,11920
20250513 105115,11925
20250513 105121,11920
20250513 105141,11925
20250513 105144,11920
20250513 105217,11915
20250513 105239,11910
20250513 105246,11915
20250513 105250,11910
20250513 105259,11915
20250513 105301,11910
20250513 105308,11915
20250513 105309,11910
20250513 105323,11915
20250513 105324,11910
20250513 105330,11915
20250513 105335,11910
20250513 105401,11905
20250513 105420,11900
20250513 105424,11895
20250513 105426,11900
20250513 105434,11895
20250513 105448,11900
20250513 105452,11895
20250513 105457,11890
20250513 105459,11885
20250513 105508,11890
20250513 105509,11885
20250513 105513,11880
20250513 105514,11885
20250513 105517,11880
20250513 105518,11875
20250513 105520,11885
20250513 105522,11880
20250513 105527,11885
20250513 105530,11880
20250513 105533,11885
20250513 105536,11880
20250513 105538,11885
20250513 105539,11880
20250513 105540,11885
20250513 105544,11880
20250513 105548,11885
20250513 105602,11880
20250513 105605,11885
20250513 105617,11890
20250513 105620,11885
20250513 105624,11890
20250513 105626,11885
20250513 105628,11890
20250513 105632,11885
20250513 105633,11880
20250513 105652,11885
20250513 105654,11880
20250513 105657,11885
20250513 105710,11890
20250513 105756,11895
20250513 105802,11890
20250513 105808,11895
20250513 105814,11890
20250513 105829,11895
20250513 105836,11890
20250513 105840,11895
20250513 105841,11890
20250513 105857,11895
20250513 105901,11890
20250513 105911,11885
20250513 105923,11890
20250513 105941,11885
20250513 105944,11880
20250513 105947,11885
20250513 105948,11880
20250513 110000,11885
20250513 110008,11890
20250513 110012,11885
20250513 110014,11890
20250513 110017,11895
20250513 110020,11890
20250513 110038,11895
20250513 110110,11890
20250513 110114,11895
20250513 110117,11900
20250513 110120,11895
20250513 110129,11900
20250513 110136,11895
20250513 110138,11905
20250513 110141,11900
20250513 110146,11895
20250513 110157,11900
20250513 110208,11895
20250513 110212,11900
20250513 110219,11895
20250513 110222,11900
20250513 110227,11895
20250513 110228,11900
20250513 110239,11905
20250513 110306,11910
20250513 110330,11905
20250513 110335,11910
20250513 110347,11905
20250513 110350,11910
20250513 110407,11915
20250513 110435,11920
20250513 110443,11915
20250513 110452,11910
20250513 110458,11915
20250513 110513,11910
20250513 110519,11915
20250513 110520,11910
20250513 110536,11905
20250513 110538,11910
20250513 110605,11905
20250513 110607,11910
20250513 110623,11915
20250513 110625,11910
20250513 110629,11915
20250513 110634,11905
20250513 110648,11910
20250513 110656,11905
20250513 110658,11910
20250513 110723,11905
20250513 110732,11910
20250513 110740,11905
20250513 110747,11900
20250513 110757,11905
20250513 110814,11910
20250513 110816,11905
20250513 110838,11910
20250513 110840,11905
20250513 110843,11910
20250513 110845,11905
20250513 110853,11910
20250513 110904,11905
20250513 110907,11910
20250513 110915,11905
20250513 110916,11910
20250513 110932,11905
20250513 110945,11910
20250513 110947,11905
20250513 110958,11900
20250513 111029,11905
20250513 111042,11900
20250513 111050,11905
20250513 111056,11900
20250513 111108,11895
20250513 111113,11900
20250513 111130,11895
20250513 111136,11900
20250513 111138,11895
20250513 111139,11900
20250513 111140,11895
20250513 111150,11890
20250513 111152,11895
20250513 111207,11890
20250513 111209,11895
20250513 111224,11900
20250513 111231,11895
20250513 111234,11900
20250513 111236,11895
20250513 111238,11900
20250513 111241,11895
20250513 111242,11900
20250513 111247,11895
20250513 111303,11900
20250513 111326,11905
20250513 111330,11900
20250513 111334,11905
20250513 111336,11900
20250513 111410,11905
20250513 111414,11900
20250513 111427,11895
20250513 111452,11890
20250513 111455,11895
20250513 111458,11890
20250513 111507,11895
20250513 111509,11890
20250513 111511,11895
20250513 111514,11890
20250513 111515,11895
20250513 111517,11890
20250513 111523,11895
20250513 111542,11890
20250513 111544,11895
20250513 111556,11890
20250513 111608,11895
20250513 111623,11900
20250513 111627,11895
20250513 111647,11890
20250513 111652,11895
20250513 111708,11900
20250513 111717,11895
20250513 111726,11900
20250513 111727,11895
20250513 111735,11890
20250513 111752,11895
20250513 111756,11890
20250513 111813,11885
20250513 111819,11890
20250513 111830,11895
20250513 111836,11890
20250513 111838,11895
20250513 111916,11900
20250513 111918,11895
20250513 111920,11890
20250513 111933,11895
20250513 112002,11900
20250513 112008,11895
20250513 112011,11890
20250513 112015,11895
20250513 112025,11890
20250513 112032,11885
20250513 112033,11890
20250513 112044,11885
20250513 112045,11890
20250513 112103,11885
20250513 112105,11895
20250513 112110,11890
20250513 112111,11885
20250513 112113,11890
20250513 112142,11885
20250513 112148,11890
20250513 112149,11885
20250513 112157,11890
20250513 112203,11885
20250513 112212,11880
20250513 112218,11885
20250513 112219,11880
20250513 112259,11885
20250513 112302,11890
20250513 112320,11885
20250513 112321,11880
20250513 112324,11885
20250513 112336,11880
20250513 112346,11890
20250513 112349,11885
20250513 112358,11890
20250513 112411,11885
20250513 112419,11890
20250513 112427,11885
20250513 112429,11890
20250513 112438,11885
20250513 112513,11880
20250513 112515,11885
20250513 112518,11880
20250513 112535,11885
20250513 112537,11880
20250513 112543,11885
20250513 112554,11880
20250513 112559,11885
20250513 112609,11880
20250513 112610,11885
20250513 112622,11880
20250513 112624,11885
20250513 112634,11882
20250513 112637,11885
20250513 112642,11880
20250513 112644,11885
20250513 112648,11880
20250513 112700,11875
20250513 112702,11880
20250513 112722,11885
20250513 112736,11880
20250513 112812,11885
20250513 112824,11880
20250513 112836,11885
20250513 112842,11880
20250513 112844,11885
20250513 112856,11890
20250513 112857,11885
20250513 112906,11880
20250513 112907,11885
20250513 112921,11880
20250513 112928,11885
20250513 112933,11880
20250513 112938,11885
20250513 112950,11880
20250513 113004,11885
20250513 113025,11890
20250513 113029,11885
20250513 113048,11890
20250513 113050,11885
20250513 113104,11880
20250513 113109,11885
20250513 113116,11880
20250513 113118,11885
20250513 113124,11880
20250513 113125,11885
20250513 113153,11890
20250513 113154,11885
20250513 113224,11880
20250513 113235,11885
20250513 113248,11880
20250513 113257,11875
20250513 113259,11880
20250513 113312,11885
20250513 113318,11880
20250513 113320,11885
20250513 113322,11880
20250513 113333,11885
20250513 113342,11880
20250513 113406,11885
20250513 113413,11880
20250513 113422,11885
20250513 113425,11880
20250513 113431,11875
20250513 113434,11880
20250513 113451,11875
20250513 113509,11870
20250513 113510,11875
20250513 113511,11870
20250513 113513,11875
20250513 113515,11870
20250513 113516,11875
20250513 113523,11880
20250513 113524,11875
20250513 113535,11880
20250513 113545,11875
20250513 113548,11880
20250513 113552,11875
20250513 113619,11880
20250513 113622,11875
20250513 113628,11870
20250513 113633,11875
20250513 113710,11870
20250513 113716,11875
20250513 113737,11880
20250513 113740,11875
20250513 113747,11880
20250513 113750,11875
20250513 113804,11870
20250513 113815,11875
20250513 113818,11870
20250513 113832,11875
20250513 113855,11870
20250513 113909,11865
20250513 113916,11875
20250513 113919,11865
20250513 113925,11875
20250513 113927,11870
20250513 114000,11875
20250513 114002,11870
20250513 114045,11875
20250513 114047,11870
20250513 114059,11875
20250513 114103,11870
20250513 114107,11865
20250513 114120,11870
20250513 114125,11865
20250513 114127,11870
20250513 114128,11865
20250513 114130,11870
20250513 114145,11865
20250513 114159,11870
20250513 114202,11865
20250513 114205,11870
20250513 114213,11875
20250513 114220,11870
20250513 114251,11865
20250513 114257,11870
20250513 114308,11865
20250513 114311,11870
20250513 114317,11865
20250513 114322,11860
20250513 114333,11865
20250513 114342,11870
20250513 114402,11865
20250513 114409,11870
20250513 114410,11865
20250513 114432,11860
20250513 114459,11865
20250513 114507,11860
20250513 114508,11865
20250513 114512,11860
20250513 114538,11865
20250513 114544,11860
20250513 114553,11865
20250513 114614,11860
20250513 114628,11865
20250513 114633,11860
20250513 114639,11865
20250513 114708,11860
20250513 114723,11865
20250513 114725,11860
20250513 114727,11855
20250513 114746,11860
20250513 114749,11850
20250513 114750,11860
20250513 114759,11855
20250513 114802,11860
20250513 114803,11855
20250513 114805,11860
20250513 114817,11855
20250513 114837,11860
20250513 114839,11855
20250513 114851,11860
20250513 114852,11855
20250513 114856,11860
20250513 114936,11865
20250513 114940,11860
20250513 115000,11865
20250513 115011,11870
20250513 115023,11865
20250513 115024,11870
20250513 115036,11865
20250513 115050,11860
20250513 115056,11865
20250513 115058,11860
20250513 115100,11865
20250513 115117,11870
20250513 115127,11865
20250513 115128,11870
20250513 115130,11865
20250513 115140,11870
20250513 115142,11865
20250513 115149,11870
20250513 115150,11865
20250513 115200,11860
20250513 115206,11855
20250513 115221,11860
20250513 115228,11855
20250513 115232,11850
20250513 115233,11860
20250513 115307,11855
20250513 115317,11860
20250513 115323,11855
20250513 115326,11860
20250513 115329,11855
20250513 115333,11860
20250513 115335,11855
20250513 115348,11860
20250513 115402,11865
20250513 115404,11855
20250513 115410,11865
20250513 115414,11855
20250513 115417,11865
20250513 115423,11860
20250513 115429,11865
20250513 115454,11860
20250513 115456,11865
20250513 115458,11860
20250513 115505,11865
20250513 115506,11860
20250513 115513,11865
20250513 115530,11870
20250513 115532,11865
20250513 115534,11870
20250513 115548,11865
20250513 115549,11870
20250513 115557,11865
20250513 115611,11870
20250513 115615,11875
20250513 115617,11870
20250513 115639,11875
20250513 115642,11870
20250513 115654,11875
20250513 115659,11880
20250513 115732,11875
20250513 115743,11880
20250513 115746,11875
20250513 115749,11880
20250513 115752,11875
20250513 115800,11880
20250513 115803,11875
20250513 115821,11870
20250513 115822,11875
20250513 115827,11880
20250513 115829,11875
20250513 115850,11870
20250513 115912,11875
20250513 115915,11870
20250513 115928,11875
20250513 115956,11880
20250513 120000,11875
20250513 120005,11880
20250513 120012,11885
20250513 120023,11880
20250513 120025,11885
20250513 120046,11880
20250513 120053,11885
20250513 120100,11880
20250513 120103,11875
20250513 120110,11880
20250513 120119,11875
20250513 120121,11880
20250513 120125,11885
20250513 120128,11882
20250513 120144,11885
20250513 120145,11880
20250513 120201,11885
20250513 120206,11880
20250513 120209,11885
20250513 120210,11880
20250513 120214,11885
20250513 120216,11880
20250513 120218,11885
20250513 120222,11890
20250513 120228,11885
20250513 120307,11890
20250513 120314,11880
20250513 120321,11885
20250513 120329,11880
20250513 120337,11885
20250513 120338,11880
20250513 120352,11885
20250513 120402,11880
20250513 120415,11882
20250513 120420,11880
20250513 120422,11885
20250513 120427,11880
20250513 120446,11875
20250513 120457,11880
20250513 120506,11885
20250513 120509,11880
20250513 120518,11875
20250513 120528,11880
20250513 120555,11875
20250513 120610,11870
20250513 120615,11880
20250513 120617,11870
20250513 120635,11875
20250513 120639,11870
20250513 120640,11875
20250513 120642,11870
20250513 120643,11875
20250513 120656,11865
20250513 120714,11870
20250513 120719,11875
20250513 120724,11870
20250513 120725,11875
20250513 120739,11870
20250513 120759,11875
20250513 120802,11870
20250513 120803,11875
20250513 120840,11870
20250513 120847,11875
20250513 120904,11880
20250513 120906,11885
20250513 120907,11880
20250513 120911,11885
20250513 120918,11880
20250513 120919,11875
20250513 120921,11880
20250513 120922,11875
20250513 120923,11880
20250513 120932,11885
20250513 120933,11880
20250513 120935,11885
20250513 120937,11880
20250513 121000,11875
20250513 121012,11880
20250513 121016,11885
20250513 121023,11880
20250513 121030,11885
20250513 121031,11875
20250513 121042,11880
20250513 121043,11875
20250513 121051,11880
20250513 121100,11885
20250513 121116,11880
20250513 121130,11885
20250513 121132,11880
20250513 121144,11885
20250513 121207,11880
20250513 121209,11875
20250513 121229,11880
20250513 121313,11885
20250513 121326,11880
20250513 121351,11885
20250513 121352,11880
20250513 121354,11885
20250513 121358,11880
20250513 121409,11885
20250513 121411,11880
20250513 121423,11875
20250513 121424,11880
20250513 121429,11875
20250513 121437,11880
20250513 121440,11875
20250513 121442,11880
20250513 121450,11875
20250513 121508,11880
20250513 121520,11875
20250513 121526,11885
20250513 121531,11880
20250513 121533,11885
20250513 121535,11880
20250513 121540,11885
20250513 121554,11880
20250513 121602,11885
20250513 121616,11880
20250513 121630,11885
20250513 121634,11880
20250513 121655,11885
20250513 121703,11880
20250513 121738,11885
20250513 121742,11880
20250513 121801,11885
20250513 121811,11890
20250513 121815,11885
20250513 121823,11890
20250513 121828,11885
20250513 121829,11890
20250513 121834,11892
20250513 121839,11890
20250513 121842,11887
20250513 121856,11885
20250513 121903,11890
20250513 121904,11885
20250513 121907,11890
20250513 121920,11885
20250513 121950,11890
20250513 122002,11885
20250513 122008,11890
20250513 122018,11895
20250513 122026,11890
20250513 122038,11885
20250513 122040,11890
20250513 122044,11887
20250513 122046,11885
20250513 122052,11890
20250513 122053,11885
20250513 122058,11890
20250513 122059,11885
20250513 122105,11890
20250513 122110,11885
20250513 122120,11890
20250513 122129,11885
20250513 122146,11880
20250513 122205,11885
20250513 122213,11880
20250513 122219,11885
20250513 122221,11880
20250513 122230,11885
20250513 122232,11880
20250513 122301,11885
20250513 122311,11880
20250513 122323,11885
20250513 122326,11880
20250513 122330,11875
20250513 122331,11870
20250513 122333,11880
20250513 122336,11875
20250513 122400,11880
20250513 122402,11875
20250513 122408,11880
20250513 122413,11875
20250513 122417,11880
20250513 122419,11875
20250513 122439,11880
20250513 122450,11875
20250513 122502,11880
20250513 122508,11877
20250513 122513,11875
20250513 122533,11877
20250513 122543,11880
20250513 122545,11875
20250513 122546,11880
20250513 122547,11875
20250513 122557,11880
20250513 122559,11875
20250513 122607,11880
20250513 122610,11875
20250513 122624,11880
20250513 122635,11875
20250513 122647,11880
20250513 122648,11875
20250513 122717,11870
20250513 122732,11875
20250513 122738,11870
20250513 122747,11865
20250513 122756,11870
20250513 122758,11865
20250513 122759,11870
20250513 122815,11865
20250513 122841,11860
20250513 122843,11870
20250513 122855,11865
20250513 122857,11870
20250513 122909,11865
20250513 122922,11860
20250513 122927,11865
20250513 122936,11860
20250513 122959,11865
20250513 123000,11870
20250513 123005,11865
20250513 123006,11870
20250513 123013,11865
20250513 123015,11870
20250513 123025,11865
20250513 123030,11870
20250513 123033,11865
20250513 123035,11870
20250513 123051,11875
20250513 123054,11870
20250513 123056,11875
20250513 123107,11870
20250513 123110,11875
20250513 123111,11870
20250513 123117,11875
20250513 123124,11870
20250513 123125,11875
20250513 123128,11880
20250513 123130,11875
20250513 123133,11880
20250513 123139,11885
20250513 123142,11875
20250513 123150,11885
20250513 123156,11880
20250513 123202,11885
20250513 123206,11880
20250513 123213,11885
20250513 123221,11880
20250513 123225,11885
20250513 123227,11880
20250513 123235,11885
20250513 123238,11890
20250513 123244,11885
20250513 123250,11880
20250513 123257,11885
20250513 123308,11880
20250513 123309,11885
20250513 123316,11890
20250513 123321,11885
20250513 123324,11880
20250513 123353,11875
20250513 123354,11880
20250513 123402,11875
20250513 123406,11880
20250513 123412,11875
20250513 123417,11880
20250513 123434,11875
20250513 123437,11880
20250513 123441,11875
20250513 123508,11880
20250513 123522,11885
20250513 123524,11880
20250513 123526,11885
20250513 123527,11880
20250513 123531,11885
20250513 123532,11880
20250513 123540,11885
20250513 123550,11875
20250513 123557,11870
20250513 123606,11875
20250513 123607,11870
20250513 123615,11865
20250513 123646,11860
20250513 123648,11865
20250513 123709,11860
20250513 123728,11865
20250513 123733,11870
20250513 123739,11865
20250513 123756,11870
20250513 123808,11860
20250513 123819,11865
20250513 123849,11860
20250513 123903,11865
20250513 123904,11860
20250513 123943,11865
20250513 124002,11870
20250513 124003,11865
20250513 124006,11870
20250513 124008,11865
20250513 124032,11870
20250513 124048,11865
20250513 124053,11870
20250513 124100,11865
20250513 124116,11870
20250513 124120,11867
20250513 124129,11865
20250513 124132,11870
20250513 124144,11865
20250513 124151,11870
20250513 124155,11865
20250513 124200,11870
20250513 124244,11865
20250513 124245,11870
20250513 124254,11865
20250513 124258,11870
20250513 124312,11875
20250513 124320,11880
20250513 124327,11875
20250513 124329,11880
20250513 124332,11875
20250513 124402,11880
20250513 124416,11875
20250513 124417,11880
20250513 124428,11875
20250513 124430,11880
20250513 124441,11885
20250513 124448,11880
20250513 124457,11885
20250513 124502,11880
20250513 124534,11875
20250513 124542,11880
20250513 124545,11875
20250513 124546,11870
20250513 124606,11880
20250513 124610,11875
20250513 124611,11880
20250513 124626,11875
20250513 124637,11870
20250513 124639,11875
20250513 124655,11870
20250513 124702,11875
20250513 124704,11880
20250513 124708,11875
20250513 124721,11870
20250513 124738,11875
20250513 124744,11880
20250513 124745,11875
20250513 124752,11880
20250513 124753,11875
20250513 124755,11880
20250513 124801,11875
20250513 124807,11880
20250513 124811,11875
20250513 124824,11870
20250513 124828,11865
20250513 124839,11870
20250513 124843,11865
20250513 124904,11870
20250513 124927,11865
20250513 124933,11870
20250513 124935,11865
20250513 124941,11870
20250513 124951,11875
20250513 125005,11870
20250513 125007,11875
20250513 125022,11870
20250513 125024,11875
20250513 125026,11870
20250513 125030,11875
20250513 125031,11870
20250513 125052,11875
20250513 125111,11870
20250513 125120,11875
20250513 125121,11870
20250513 125136,11875
20250513 125156,11870
20250513 125202,11875
20250513 125206,11870
20250513 125227,11875
20250513 125237,11870
20250513 125239,11875
20250513 125250,11870
20250513 125300,11875
20250513 125305,11880
20250513 125306,11875
20250513 125308,11880
20250513 125309,11875
20250513 125311,11880
20250513 125322,11875
20250513 125331,11880
20250513 125337,11885
20250513 125347,11880
20250513 125415,11875
20250513 125424,11880
20250513 125428,11875
20250513 125432,11880
20250513 125436,11875
20250513 125442,11870
20250513 125443,11875
20250513 125450,11870
20250513 125502,11875
20250513 125516,11870
20250513 125518,11880
20250513 125520,11875
20250513 125523,11880
20250513 125524,11875
20250513 125556,11870
20250513 125602,11875
20250513 125603,11870
20250513 125643,11865
20250513 125647,11860
20250513 125658,11865
20250513 125700,11860
20250513 125704,11865
20250513 125710,11855
20250513 125714,11865
20250513 125722,11860
20250513 125727,11865
20250513 125736,11860
20250513 125755,11865
20250513 125807,11860
20250513 125815,11865
20250513 125824,11870
20250513 125827,11865
20250513 125845,11860
20250513 125859,11865
20250513 125904,11860
20250513 125907,11865
20250513 125914,11860
20250513 125951,11855
20250513 125954,11860
20250513 125956,11865
20250513 130000,11860
20250513 130002,11855
20250513 130008,11860
20250513 130012,11855
20250513 130024,11860
20250513 130056,11865
20250513 130059,11860
20250513 130103,11865
20250513 130104,11860
20250513 130110,11865
20250513 130130,11860
20250513 130131,11865
20250513 130134,11860
20250513 130146,11865
20250513 130204,11860
20250513 130221,11862
20250513 130226,11860
20250513 130228,11862
20250513 130252,11865
20250513 130253,11860
20250513 130324,11855
20250513 130326,11860
20250513 130327,11855
20250513 130340,11860
20250513 130350,11855
20250513 130402,11850
20250513 130409,11855
20250513 130411,11850
20250513 130412,11855
20250513 130419,11850
20250513 130441,11855
20250513 130443,11850
20250513 130453,11855
20250513 130454,11850
20250513 130456,11855
20250513 130502,11850
20250513 130528,11845
20250513 130544,11840
20250513 130546,11845
20250513 130553,11840
20250513 130554,11845
20250513 130559,11840
20250513 130602,11845
20250513 130604,11850
20250513 130612,11845
20250513 130613,11850
20250513 130615,11845
20250513 130622,11850
20250513 130636,11845
20250513 130638,11850
20250513 130641,11845
20250513 130657,11850
20250513 130659,11845
20250513 130706,11850
20250513 130719,11845
20250513 130736,11840
20250513 130739,11845
20250513 130803,11840
20250513 130819,11835
20250513 130821,11840
20250513 130834,11845
20250513 130836,11840
20250513 130907,11835
20250513 131029,11830
20250513 131036,11835
20250513 131049,11830
20250513 131050,11835
20250513 131106,11830
20250513 131115,11835
20250513 131123,11830
20250513 131132,11835
20250513 131135,11830
20250513 131153,11835
20250513 131204,11830
20250513 131212,11835
20250513 131216,11830
20250513 131223,11825
20250513 131224,11830
20250513 131321,11825
20250513 131324,11830
20250513 131417,11825
20250513 131423,11830
20250513 131501,11825
20250513 131510,11830
20250513 131512,11825
20250513 131513,11830
20250513 131515,11825
20250513 131547,11830
20250513 131555,11825
20250513 131557,11830
20250513 131612,11825
20250513 131619,11830
20250513 131635,11835
20250513 131641,11830
20250513 131642,11835
20250513 131703,11830
20250513 131705,11835
20250513 131709,11830
20250513 131714,11835
20250513 131715,11830
20250513 131717,11835
20250513 131718,11830
20250513 131735,11825
20250513 131809,11830
20250513 131824,11825
20250513 131829,11830
20250513 131831,11825
20250513 131854,11830
20250513 131920,11835
20250513 131929,11830
20250513 131935,11835
20250513 131939,11830
20250513 131947,11835
20250513 131951,11840
20250513 131955,11835
20250513 131959,11840
20250513 132001,11835
20250513 132007,11840
20250513 132012,11835
20250513 132023,11840
20250513 132026,11835
20250513 132037,11830
20250513 132038,11835
20250513 132042,11830
20250513 132044,11835
20250513 132049,11840
20250513 132055,11835
20250513 132057,11830
20250513 132100,11835
20250513 132105,11840
20250513 132108,11835
20250513 132124,11840
20250513 132152,11835
20250513 132153,11840
20250513 132154,11835
20250513 132155,11840
20250513 132207,11835
20250513 132217,11830
20250513 132222,11835
20250513 132247,11830
20250513 132248,11835
20250513 132251,11830
20250513 132320,11835
20250513 132338,11830
20250513 132401,11835
20250513 132405,11830
20250513 132421,11835
20250513 132430,11840
20250513 132434,11835
20250513 132449,11840
20250513 132451,11835
20250513 132457,11840
20250513 132512,11845
20250513 132518,11835
20250513 132533,11840
20250513 132540,11835
20250513 132611,11830
20250513 132617,11835
20250513 132621,11830
20250513 132631,11825
20250513 132636,11830
20250513 132638,11825
20250513 132645,11830
20250513 132646,11825
20250513 132649,11830
20250513 132707,11835
20250513 132732,11830
20250513 132746,11835
20250513 132747,11830
20250513 132753,11825
20250513 132757,11830
20250513 132809,11825
20250513 132814,11820
20250513 132819,11825
20250513 132833,11820
20250513 132835,11825
20250513 132858,11820
20250513 132903,11825
20250513 132914,11830
20250513 132916,11825
20250513 132959,11830
20250513 133001,11825
20250513 133002,11830
